[
  {
    "id": "602fb9a0-bde5-43c0-a327-6eb2a364ff11",
    "data": [
      {
        "text": "all",
        "userDefined": false
      }
    ],
    "isTemplate": false,
    "count": 0,
    "updated": 0
  },
  {
    "id": "0bb6e882-ac60-44c7-b3dd-e72d258a1625",
    "data": [
      {
        "text": "show all",
        "userDefined": false
      }
    ],
    "isTemplate": false,
    "count": 0,
    "updated": 0
  },
  {
    "id": "68de747f-6f5b-4378-905c-af3601a73b40",
    "data": [
      {
        "text": "my reminderds",
        "userDefined": false
      }
    ],
    "isTemplate": false,
    "count": 0,
    "updated": 0
  },
  {
    "id": "65b559d3-7a44-46da-90c5-e09a2f274eab",
    "data": [
      {
        "text": "geverything",
        "userDefined": false
      }
    ],
    "isTemplate": false,
    "count": 0,
    "updated": 0
  }
]