[
  {
    "id": "e8618099-4403-4f16-a891-82cb42776b7b",
    "data": [
      {
        "text": "delete_all",
        "userDefined": false
      }
    ],
    "isTemplate": false,
    "count": 0
  },
  {
    "id": "8130f1cd-fa33-4c63-83c8-33c69977c53e",
    "data": [
      {
        "text": "remove all",
        "userDefined": false
      }
    ],
    "isTemplate": false,
    "count": 0,
    "updated": 0
  },
  {
    "id": "ae240138-318f-4620-bde7-1a2dbb40c5e1",
    "data": [
      {
        "text": "clear all",
        "userDefined": false
      }
    ],
    "isTemplate": false,
    "count": 0,
    "updated": 0
  },
  {
    "id": "0f98f69e-1e9b-4250-982f-cdcad62a4a1a",
    "data": [
      {
        "text": "prune",
        "userDefined": false
      }
    ],
    "isTemplate": false,
    "count": 0,
    "updated": 0
  }
]