[
  {
    "id": "1a8cb66a-6d23-4dfc-8db7-b3a961677d8c",
    "data": [
      {
        "text": "remind my about something",
        "alias": "any",
        "meta": "@sys.any",
        "userDefined": true
      }
    ],
    "isTemplate": false,
    "count": 0
  },
  {
    "id": "e7dc87af-0d6d-491a-82c8-44fd7edb4a70",
    "data": [
      {
        "text": "some text",
        "alias": "any",
        "meta": "@sys.any",
        "userDefined": true
      }
    ],
    "isTemplate": false,
    "count": 0
  },
  {
    "id": "66d596de-88c7-492d-916f-350bfb1d8be5",
    "data": [
      {
        "text": "@",
        "alias": "any",
        "meta": "@sys.any",
        "userDefined": true
      },
      {
        "text": "sys.any",
        "userDefined": false
      }
    ],
    "isTemplate": false,
    "count": 0
  }
]