[
  {
    "id": "0d7f3c44-49a3-49fc-869c-d95e5fb72484",
    "data": [
      {
        "text": "in 3 days",
        "alias": "date_time",
        "meta": "@sys.date-time",
        "userDefined": false
      },
      {
        "text": " ",
        "userDefined": false
      },
      {
        "text": "at 13:00",
        "alias": "time",
        "meta": "@sys.time",
        "userDefined": false
      }
    ],
    "isTemplate": false,
    "count": 0
  },
  {
    "id": "56850b4c-8463-48fe-bd17-4d09ab86a788",
    "data": [
      {
        "text": "tomorrow",
        "alias": "date_time",
        "meta": "@sys.date-time",
        "userDefined": false
      },
      {
        "text": " at ",
        "userDefined": false
      },
      {
        "text": "4am",
        "alias": "time",
        "meta": "@sys.time",
        "userDefined": true
      }
    ],
    "isTemplate": false,
    "count": 0
  },
  {
    "id": "acc187a3-5a5a-4dd1-9038-71d4d6aa891c",
    "data": [
      {
        "text": "3pm",
        "alias": "time",
        "meta": "@sys.time",
        "userDefined": false
      }
    ],
    "isTemplate": false,
    "count": 0
  },
  {
    "id": "7298da33-0570-4d3c-bba7-613ab32145e1",
    "data": [
      {
        "text": "18:00",
        "alias": "time",
        "meta": "@sys.time",
        "userDefined": false
      }
    ],
    "isTemplate": false,
    "count": 0
  },
  {
    "id": "73d5ef34-43d2-41da-bf0b-f1e682b33449",
    "data": [
      {
        "text": "today",
        "alias": "date_time",
        "meta": "@sys.date-time",
        "userDefined": true
      },
      {
        "text": " ",
        "userDefined": false
      },
      {
        "text": "19:00",
        "alias": "time",
        "meta": "@sys.time",
        "userDefined": true
      }
    ],
    "isTemplate": false,
    "count": 0
  },
  {
    "id": "6e0f6816-d816-4c0f-be08-0227fb15b594",
    "data": [
      {
        "text": "today",
        "alias": "date_time",
        "meta": "@sys.date-time",
        "userDefined": false
      },
      {
        "text": " at ",
        "userDefined": false
      },
      {
        "text": "5pm",
        "alias": "time",
        "meta": "@sys.time",
        "userDefined": true
      }
    ],
    "isTemplate": false,
    "count": 0
  },
  {
    "id": "84d267fe-66e7-44f0-964c-52b68d04d92e",
    "data": [
      {
        "text": "at ",
        "userDefined": false
      },
      {
        "text": "@sys.time",
        "alias": "time",
        "meta": "@sys.time",
        "userDefined": true
      }
    ],
    "isTemplate": false,
    "count": 0
  }
]