[
  {
    "id": "306b989a-a7fa-4a4f-8009-a541e4704b3a",
    "data": [
      {
        "text": "text",
        "userDefined": false
      }
    ],
    "isTemplate": false,
    "count": 0
  },
  {
    "id": "cda2766f-c62e-4a09-9a7c-6656d4834e2f",
    "data": [
      {
        "text": "type",
        "userDefined": false
      }
    ],
    "isTemplate": false,
    "count": 0
  },
  {
    "id": "dc37557a-7c29-49cd-932f-e8bb8fa286fa",
    "data": [
      {
        "text": "alert",
        "userDefined": false
      }
    ],
    "isTemplate": false,
    "count": 0,
    "updated": 0
  },
  {
    "id": "cfbd53ea-8ba2-49d1-9558-ce0034f6b407",
    "data": [
      {
        "text": "snooze",
        "userDefined": false
      }
    ],
    "isTemplate": false,
    "count": 0,
    "updated": 0
  },
  {
    "id": "340bb0ca-c277-4d4b-8c22-3c8069323bfe",
    "data": [
      {
        "text": "confirm",
        "userDefined": false
      }
    ],
    "isTemplate": false,
    "count": 0,
    "updated": 0
  },
  {
    "id": "edb66de3-7465-4006-9027-47d9e2306f05",
    "data": [
      {
        "text": "save",
        "userDefined": false
      }
    ],
    "isTemplate": false,
    "count": 0,
    "updated": 0
  },
  {
    "id": "fc691cc1-c7b5-4fd1-93a6-4e514ef3d6f4",
    "data": [
      {
        "text": "save!",
        "userDefined": false
      }
    ],
    "isTemplate": false,
    "count": 0,
    "updated": 0
  }
]