[
  {
    "id": "261decc5-2ed9-4827-bcdd-9c20453f2754",
    "data": [
      {
        "text": "show_today",
        "userDefined": false
      }
    ],
    "isTemplate": false,
    "count": 0
  },
  {
    "id": "fdfd4e12-8cdc-4221-a4b8-7775da6cd290",
    "data": [
      {
        "text": "today",
        "userDefined": false
      }
    ],
    "isTemplate": false,
    "count": 0,
    "updated": 0
  },
  {
    "id": "5da7f735-e336-4777-834b-98931af89312",
    "data": [
      {
        "text": "show for today",
        "userDefined": false
      }
    ],
    "isTemplate": false,
    "count": 0,
    "updated": 0
  },
  {
    "id": "0ae5f35c-82bb-4f62-b8f3-210dcb56d76b",
    "data": [
      {
        "text": "agenda",
        "userDefined": false
      }
    ],
    "isTemplate": false,
    "count": 0,
    "updated": 0
  }
]